gen,evals,F_mean,CR_mean,p,pop_size,success_rate,niche
0,200,0.5,0.5103454890974204,0.11,100,0.57,0
1,297,0.5,0.5170508128544741,0.11,97,0.5257731958762887,0
2,393,0.5,0.5179210727069663,0.11,96,0.5104166666666666,0
3,487,0.5,0.5204718937512407,0.11,94,0.46808510638297873,0
4,580,0.5,0.5174890558965587,0.08800000000000001,93,0.3118279569892473,0
5,672,0.5,0.5169619502320277,0.0704,92,0.2717391304347826,0
6,762,0.5,0.5103331102140933,0.05632000000000001,90,0.2111111111111111,0
7,851,0.5,0.49840840216459614,0.05632000000000001,89,0.1797752808988764,0
8,939,0.5,0.5011007455124589,0.05632000000000001,88,0.26136363636363635,0
9,1025,0.5,0.4955948686698828,0.05632000000000001,86,0.23255813953488372,0
10,1110,0.5,0.48174884553901176,0.05632000000000001,85,0.2235294117647059,0
11,1194,0.5,0.47654262610868614,0.05632000000000001,84,0.11904761904761904,0
12,1277,0.5,0.4723731698973781,0.05632000000000001,83,0.2289156626506024,0
13,1359,0.5,0.46058705962454133,0.05632000000000001,82,0.1951219512195122,0
14,1439,0.5,0.4481844821412618,0.05632000000000001,80,0.2,0
15,1518,0.5,0.44030030991936353,0.05632000000000001,79,0.22784810126582278,0
16,1596,0.5,0.4180207962737515,0.05632000000000001,78,0.16666666666666666,0
17,1673,0.5,0.4170484479399829,0.05632000000000001,77,0.16883116883116883,0
18,1749,0.5,0.41506481283791097,0.05632000000000001,76,0.13157894736842105,0
19,1824,0.5,0.4128685524027899,0.05632000000000001,75,0.18666666666666668,0
20,1898,0.5,0.4138359963692137,0.05632000000000001,74,0.16216216216216217,0
21,1971,0.5,0.3978213198864366,0.05632000000000001,73,0.1643835616438356,0
22,2043,0.5,0.37902067501727543,0.05632000000000001,72,0.16666666666666666,0
23,2114,0.5,0.35319836361924495,0.05632000000000001,71,0.07042253521126761,0
24,2184,0.5,0.351524791808242,0.08448000000000001,70,0.08571428571428572,0
25,2253,0.5,0.35166760385903845,0.12672000000000003,69,0.11594202898550725,0
26,2321,0.5,0.35315771069540125,0.19008000000000003,68,0.14705882352941177,0
27,2388,0.5,0.35072248461648614,0.25,67,0.16417910447761194,0
28,2454,0.5,0.37427648582874334,0.25,66,0.10606060606060606,0
29,2519,0.5,0.3694792625189231,0.25,65,0.07692307692307693,0
30,2583,0.5,0.3913052782182351,0.25,64,0.0625,0
31,2646,0.5,0.37746273536999964,0.25,63,0.12698412698412698,0
32,2708,0.5,0.3604622318192883,0.25,62,0.08064516129032258,0
33,2769,0.5,0.275053904265453,0.25,61,0.06557377049180328,0
34,2829,0.5,0.2660916770235239,0.25,60,0.13333333333333333,0
35,2888,0.5,0.2702295578446962,0.25,59,0.03389830508474576,0
36,2946,0.5,0.29204826940465517,0.25,58,0.13793103448275862,0
37,3004,0.5,0.287442755016981,0.25,58,0.15517241379310345,0
38,3061,0.5,0.2977730964602385,0.25,57,0.17543859649122806,0
39,3117,0.5,0.28475303617886333,0.25,56,0.10714285714285714,0
40,3172,0.5,0.23987436072558416,0.25,55,0.05454545454545454,0
41,3226,0.5,0.2187189500608581,0.25,54,0.14814814814814814,0
42,3280,0.5,0.20250480286874661,0.25,54,0.05555555555555555,0
43,3333,0.5,0.203942555771488,0.25,53,0.18867924528301888,0
44,3385,0.5,0.1873614035241878,0.25,52,0.09615384615384616,0
45,3436,0.5,0.18535364858675601,0.25,51,0.0784313725490196,0
46,3487,0.5,0.1825093482025395,0.25,51,0.19607843137254902,0
47,3537,0.5,0.16939385484796893,0.25,50,0.16,0
48,3586,0.5,0.17831763095034642,0.25,49,0.1836734693877551,0
49,3634,0.5,0.17435129239190453,0.25,48,0.16666666666666666,0
50,3682,0.5,0.14676840988293352,0.25,48,0.10416666666666667,0
51,3729,0.5,0.14139877081017813,0.25,47,0.10638297872340426,0
52,3775,0.5,0.13705482664299473,0.25,46,0.08695652173913043,0
53,3821,0.5,0.12867243000829606,0.25,46,0.17391304347826086,0
54,3866,0.5,0.1250275539266515,0.25,45,0.13333333333333333,0
55,3910,0.5,0.1145955504077022,0.25,44,0.13636363636363635,0
56,3954,0.5,0.11577613287665756,0.25,44,0.11363636363636363,0
57,3997,0.5,0.1089847743546527,0.25,43,0.13953488372093023,0
58,4039,0.5,0.10731906827870263,0.25,42,0.07142857142857142,0
59,4081,0.5,0.10308985393819452,0.25,42,0.21428571428571427,0
60,4122,0.5,0.10265784444930974,0.25,41,0.1951219512195122,0
61,4163,0.5,0.10012778281534163,0.25,41,0.12195121951219512,0
62,4203,0.5,0.12309624483640014,0.25,40,0.325,0
63,4242,0.5,0.1257313831307068,0.25,39,0.07692307692307693,0
64,4281,0.5,0.11668952446936735,0.25,39,0.1282051282051282,0
65,4319,0.5,0.10761009116130586,0.25,38,0.05263157894736842,0
66,4357,0.5,0.09661648312155108,0.25,38,0.10526315789473684,0
67,4394,0.5,0.09352365102100152,0.25,37,0.16216216216216217,0
68,4431,0.5,0.10616980972676981,0.25,37,0.13513513513513514,0
69,4467,0.5,0.11306844268914476,0.25,36,0.1388888888888889,0
70,4503,0.5,0.10711604461769986,0.25,36,0.1388888888888889,0
71,4538,0.5,0.10263157433568475,0.25,35,0.2,0
72,4573,0.5,0.10372049695689234,0.25,35,0.11428571428571428,0
73,4607,0.5,0.10086708107031364,0.25,34,0.11764705882352941,0
74,4641,0.5,0.0834771764913899,0.25,34,0.029411764705882353,0
75,4674,0.5,0.08445025516358631,0.25,33,0.21212121212121213,0
76,4707,0.5,0.07374908413260617,0.25,33,0.09090909090909091,0
77,4739,0.5,0.07715646391267579,0.25,32,0.0625,0
78,4771,0.5,0.05231401660313502,0.25,32,0.09375,0
79,4802,0.5,0.07496492184560177,0.25,31,0.22580645161290322,0
80,4833,0.5,0.0641801693937272,0.25,31,0.16129032258064516,0
81,4863,0.5,0.061092755691447675,0.25,30,0.06666666666666667,0
82,4893,0.5,0.0582016363470903,0.25,30,0.1,0
83,4923,0.5,0.05617565352778742,0.25,30,0.13333333333333333,0
84,4952,0.5,0.06382743261803328,0.25,29,0.06896551724137931,0
85,4981,0.5,0.06782939349222776,0.25,29,0.1724137931034483,0
86,5009,0.5,0.07761154268547946,0.25,28,0.14285714285714285,0
87,5037,0.5,0.05830928384043428,0.25,28,0.10714285714285714,0
88,5064,0.5,0.061882923396202515,0.25,27,0.1111111111111111,0
89,5091,0.5,0.06195391412027743,0.25,27,0.07407407407407407,0
90,5118,0.5,0.06195391412027743,0.25,27,0.0,0
91,5144,0.5,0.06195391412027743,0.25,26,0.0,0
92,5170,0.5,0.05417057615624225,0.25,26,0.15384615384615385,0
93,5196,0.5,0.05417057615624225,0.25,26,0.0,0
94,5221,0.5,0.04225539507678823,0.25,25,0.28,0
95,5246,0.5,0.04052257803500701,0.25,25,0.2,0
96,5270,0.5,0.041105846042339564,0.25,24,0.125,0
97,5294,0.5,0.041105846042339564,0.25,24,0.0,0
98,5318,0.5,0.05397351397449026,0.25,24,0.125,0
99,5341,0.5,0.05397351397449026,0.25,23,0.0,0
100,5364,0.5,0.05522965528940971,0.25,23,0.13043478260869565,0
101,5387,0.5,0.060941833626599426,0.25,23,0.13043478260869565,0
102,5409,0.5,0.06228447759476534,0.25,22,0.2727272727272727,0
103,5431,0.5,0.06640603427297646,0.25,22,0.13636363636363635,0
104,5453,0.5,0.06640603427297646,0.25,22,0.0,0
105,5474,0.5,0.05446204662851288,0.25,21,0.047619047619047616,0
106,5495,0.5,0.07823948820679442,0.25,21,0.047619047619047616,0
107,5516,0.5,0.07056341158203851,0.25,21,0.14285714285714285,0
108,5537,0.5,0.07033530226801514,0.25,21,0.19047619047619047,0
109,5557,0.5,0.06832149685991659,0.25,20,0.2,0
110,5577,0.5,0.06754355782164086,0.25,20,0.05,0
111,5597,0.5,0.05856040681973822,0.25,20,0.1,0
112,5616,0.5,0.06467362250609665,0.25,19,0.10526315789473684,0
113,5635,0.5,0.06261643562576533,0.25,19,0.15789473684210525,0
114,5654,0.5,0.06820381058729925,0.25,19,0.10526315789473684,0
115,5673,0.5,0.04771474382598512,0.25,19,0.10526315789473684,0
116,5691,0.5,0.04909487657258812,0.25,18,0.1111111111111111,0
117,5709,0.5,0.04147323910834538,0.25,18,0.1111111111111111,0
118,5727,0.5,0.060144548481189816,0.25,18,0.2222222222222222,0
119,5745,0.5,0.048292514686442516,0.25,18,0.05555555555555555,0
120,5762,0.5,0.044539768909797495,0.25,17,0.11764705882352941,0
121,5779,0.5,0.046485577505968885,0.25,17,0.17647058823529413,0
122,5796,0.5,0.04619731935349617,0.25,17,0.23529411764705882,0
123,5813,0.5,0.043592630534562485,0.25,17,0.058823529411764705,0
124,5829,0.5,0.048218841963739156,0.25,16,0.0625,0
125,5845,0.5,0.05287702289091201,0.25,16,0.125,0
126,5861,0.5,0.05287702289091201,0.25,16,0.0,0
127,5877,0.5,0.03229651719555561,0.25,16,0.0625,0
128,5892,0.5,0.03213326991293076,0.25,15,0.13333333333333333,0
129,5907,0.5,0.016066649359020004,0.25,15,0.06666666666666667,0
130,5922,0.5,0.10379596460888585,0.25,15,0.2,0
131,5937,0.5,0.1595341988756028,0.25,15,0.13333333333333333,0
132,5951,0.5,0.1595341988756028,0.25,14,0.14285714285714285,0
133,5965,0.5,0.18097480949643718,0.25,14,0.14285714285714285,0
134,5979,0.5,0.18097480949643718,0.25,14,0.0,0
135,5993,0.5,0.18161730039621218,0.25,14,0.14285714285714285,0
136,6007,0.5,0.1540602700456898,0.25,14,0.14285714285714285,0
137,6020,0.5,0.13401877777830248,0.25,13,0.07692307692307693,0
138,6033,0.5,0.13401877777830248,0.25,13,0.23076923076923078,0
139,6046,0.5,0.11257816715746813,0.25,13,0.07692307692307693,0
140,6059,0.5,0.11257816715746813,0.25,13,0.0,0
141,6072,0.5,0.12856888759744844,0.25,13,0.07692307692307693,0
142,6085,0.5,0.07935997254830472,0.25,13,0.15384615384615385,0
143,6097,0.5,0.032222792619131746,0.25,12,0.08333333333333333,0
144,6109,0.5,0.044860129592934485,0.25,12,0.25,0
145,6121,0.5,0.044860129592934485,0.25,12,0.08333333333333333,0
146,6133,0.5,0.02822691825317918,0.25,12,0.08333333333333333,0
147,6145,0.5,0.016094731505418892,0.25,12,0.25,0
148,6157,0.5,0.031635528768101696,0.25,12,0.08333333333333333,0
149,6168,0.5,0.018998191794298964,0.25,11,0.18181818181818182,0
150,6179,0.5,0.018998191794298964,0.25,11,0.09090909090909091,0
151,6190,0.5,0.022640168354021557,0.25,11,0.09090909090909091,0
152,6201,0.5,0.028076000196029925,0.25,11,0.09090909090909091,0
153,6212,0.5,0.012742291161705669,0.25,11,0.2727272727272727,0
154,6223,0.5,0.01790502169776256,0.25,11,0.36363636363636365,0
155,6233,0.5,0.01790502169776256,0.25,10,0.2,0
156,6243,0.5,0.025394014682294526,0.25,10,0.2,0
157,6253,0.5,0.02235430016539401,0.25,10,0.2,0
158,6263,0.5,0.02871197089819743,0.25,10,0.1,0
159,6273,0.5,0.028287383660352394,0.25,10,0.1,0
160,6283,0.5,0.19688626297855238,0.25,10,0.1,0
161,6293,0.5,0.19688626297855238,0.25,10,0.0,0
162,6302,0.5,0.1870621815742371,0.25,9,0.2222222222222222,0
163,6311,0.5,0.1833758563432552,0.25,9,0.1111111111111111,0
164,6320,0.5,0.24871345127382577,0.25,9,0.4444444444444444,0
165,6329,0.5,0.24871345127382577,0.25,9,0.0,0
166,6338,0.5,0.2439753079756139,0.25,9,0.1111111111111111,0
167,6347,0.5,0.2439753079756139,0.25,9,0.0,0
168,6356,0.5,0.2439753079756139,0.25,9,0.0,0
169,6364,0.5,0.2439753079756139,0.25,8,0.0,0
170,6372,0.5,0.2439753079756139,0.25,8,0.0,0
171,6380,0.5,0.2439753079756139,0.25,8,0.0,0
172,6388,0.5,0.2439753079756139,0.25,8,0.0,0
173,6396,0.5,0.2439753079756139,0.25,8,0.0,0
174,6404,0.5,0.2439753079756139,0.25,8,0.0,0
175,6412,0.5,0.2439753079756139,0.25,8,0.0,0
176,6420,0.5,0.2439753079756139,0.25,8,0.0,0
177,6428,0.5,0.2439753079756139,0.25,8,0.0,0
178,6435,0.5,0.2439753079756139,0.25,7,0.0,0
179,6442,0.5,0.2439753079756139,0.25,7,0.0,0
180,6449,0.5,0.2439753079756139,0.25,7,0.0,0
181,6456,0.5,0.2439753079756139,0.25,7,0.0,0
182,6463,0.5,0.2439753079756139,0.25,7,0.0,0
183,6470,0.5,0.2439753079756139,0.25,7,0.0,0
184,6477,0.5,0.2439753079756139,0.25,7,0.0,0
185,6484,0.5,0.2439753079756139,0.25,7,0.0,0
186,6491,0.5,0.2439753079756139,0.25,7,0.0,0
187,6498,0.5,0.2439753079756139,0.25,7,0.0,0
188,6504,0.5,0.2439753079756139,0.25,6,0.0,0
189,6510,0.5,0.2439753079756139,0.25,6,0.0,0
190,6516,0.5,0.2439753079756139,0.25,6,0.0,0
191,6522,0.5,0.2439753079756139,0.25,6,0.0,0
192,6528,0.5,0.07773122272323763,0.25,6,0.16666666666666666,0
193,6534,0.5,0.07773122272323763,0.25,6,0.0,0
194,6540,0.5,0.07773122272323763,0.25,6,0.0,0
195,6546,0.5,0.07642433458329836,0.25,6,0.16666666666666666,0
196,6552,0.5,0.08946862589157759,0.25,6,0.3333333333333333,0
197,6558,0.5,0.08946862589157759,0.25,6,0.0,0
198,6564,0.5,0.08946862589157759,0.25,6,0.0,0
199,6569,0.5,0.049458134270841024,0.25,5,0.6,0
200,6574,0.5,0.06243862904273122,0.2,5,0.6,0
201,6579,0.5,0.06243862904273122,0.2,5,0.0,0
202,6584,0.5,0.060083834976907516,0.16000000000000003,5,0.4,0
203,6589,0.5,0.060083834976907516,0.12800000000000003,5,0.0,0
204,6594,0.5,0.060083834976907516,0.12800000000000003,5,0.0,0
205,6599,0.5,0.06235576041007247,0.19200000000000006,5,0.2,0
206,6604,0.5,0.06235576041007247,0.25,5,0.0,0
207,6609,0.5,0.05779129107335533,0.25,5,0.2,0
208,6614,0.5,0.05711625697045618,0.25,5,0.2,0
209,6619,0.5,0.05711625697045618,0.25,5,0.0,0
210,6624,0.5,0.05711625697045618,0.25,5,0.0,0
211,6629,0.5,0.05711625697045618,0.25,5,0.0,0
212,6634,0.5,0.05011943090868265,0.25,5,0.2,0
0,200,0.5,0.505050022825209,0.11,100,0.52,1
1,297,0.5,0.5065882542588496,0.11,97,0.4948453608247423,1
2,393,0.5,0.5026968121368377,0.11,96,0.3854166666666667,1
3,487,0.5,0.5089551110867829,0.11,94,0.4148936170212766,1
4,580,0.5,0.5105119614136796,0.08800000000000001,93,0.3978494623655914,1
5,672,0.5,0.5095754999107631,0.0704,92,0.29347826086956524,1
6,762,0.5,0.5161805586396095,0.05632000000000001,90,0.3,1
7,851,0.5,0.5064753537408672,0.05,89,0.24719101123595505,1
8,939,0.5,0.5101115504154301,0.05,88,0.2840909090909091,1
9,1025,0.5,0.49745752899460716,0.05,86,0.19767441860465115,1
10,1110,0.5,0.49121407276433393,0.05,85,0.15294117647058825,1
11,1194,0.5,0.4771088525518281,0.05,84,0.25,1
12,1277,0.5,0.47736174349954164,0.05,83,0.20481927710843373,1
13,1359,0.5,0.4975423544283645,0.05,82,0.18292682926829268,1
14,1439,0.5,0.487883181509076,0.05,80,0.1875,1
15,1518,0.5,0.4592467899880737,0.05,79,0.13924050632911392,1
16,1596,0.5,0.43254345819190876,0.05,78,0.11538461538461539,1
17,1673,0.5,0.4324329221187374,0.07500000000000001,77,0.11688311688311688,1
18,1749,0.5,0.4218495477076852,0.11250000000000002,76,0.14473684210526316,1
19,1824,0.5,0.41812851422143166,0.16875,75,0.18666666666666668,1
20,1898,0.5,0.41212815477729753,0.16875,74,0.22972972972972974,1
21,1971,0.5,0.4009595385578339,0.16875,73,0.2054794520547945,1
22,2043,0.5,0.39299290516939667,0.16875,72,0.09722222222222222,1
23,2114,0.5,0.386948984913626,0.16875,71,0.04225352112676056,1
24,2184,0.5,0.39317385542096106,0.25,70,0.15714285714285714,1
25,2253,0.5,0.380389081353404,0.25,69,0.08695652173913043,1
26,2321,0.5,0.3569880772166402,0.25,68,0.11764705882352941,1
27,2388,0.5,0.3498978308875653,0.25,67,0.08955223880597014,1
28,2454,0.5,0.30443550955032705,0.25,66,0.07575757575757576,1
29,2519,0.5,0.30228205984462847,0.25,65,0.16923076923076924,1
30,2583,0.5,0.2986127147850043,0.25,64,0.140625,1
31,2646,0.5,0.2982623966565353,0.25,63,0.2222222222222222,1
32,2708,0.5,0.2852288594927979,0.25,62,0.08064516129032258,1
33,2769,0.5,0.26296021273763265,0.25,61,0.06557377049180328,1
34,2829,0.5,0.23078800420255813,0.25,60,0.08333333333333333,1
35,2888,0.5,0.2130276765202063,0.25,59,0.15254237288135594,1
36,2946,0.5,0.20831345967569526,0.25,58,0.20689655172413793,1
37,3004,0.5,0.20294267471950347,0.25,58,0.08620689655172414,1
38,3061,0.5,0.21012372363883988,0.25,57,0.14035087719298245,1
39,3117,0.5,0.1774655941954774,0.25,56,0.14285714285714285,1
40,3172,0.5,0.17235668474508906,0.25,55,0.16363636363636364,1
41,3226,0.5,0.1821494649072561,0.25,54,0.1111111111111111,1
42,3280,0.5,0.15429806749407,0.25,54,0.12962962962962962,1
43,3333,0.5,0.15185244801274453,0.25,53,0.09433962264150944,1
44,3385,0.5,0.1589811981077856,0.25,52,0.17307692307692307,1
45,3436,0.5,0.14904038087418425,0.25,51,0.23529411764705882,1
46,3487,0.5,0.1289577077920663,0.25,51,0.1568627450980392,1
47,3537,0.5,0.10899710731267823,0.25,50,0.18,1
48,3586,0.5,0.10156496822372618,0.25,49,0.08163265306122448,1
49,3634,0.5,0.0906603780017411,0.25,48,0.1875,1
50,3682,0.5,0.09313947430023566,0.25,48,0.1875,1
51,3729,0.5,0.13597587699344338,0.25,47,0.0851063829787234,1
52,3775,0.5,0.1424118945855108,0.25,46,0.17391304347826086,1
53,3821,0.5,0.13915457041171658,0.25,46,0.13043478260869565,1
54,3866,0.5,0.15491765058630075,0.25,45,0.15555555555555556,1
55,3910,0.5,0.148598264421072,0.25,44,0.13636363636363635,1
56,3954,0.5,0.10978453936867823,0.25,44,0.13636363636363635,1
57,3997,0.5,0.10795874319684025,0.25,43,0.18604651162790697,1
58,4039,0.5,0.11392603949105759,0.25,42,0.11904761904761904,1
59,4081,0.5,0.10396019516612698,0.25,42,0.11904761904761904,1
60,4122,0.5,0.10723397590126711,0.25,41,0.17073170731707318,1
61,4163,0.5,0.11198061632822139,0.25,41,0.14634146341463414,1
62,4203,0.5,0.10908070974985884,0.25,40,0.25,1
63,4242,0.5,0.09342762758613607,0.25,39,0.07692307692307693,1
64,4281,0.5,0.07954548604716943,0.25,39,0.15384615384615385,1
65,4319,0.5,0.07066173224282485,0.25,38,0.13157894736842105,1
66,4357,0.5,0.07106324129539257,0.25,38,0.15789473684210525,1
67,4394,0.5,0.06987862567631967,0.25,37,0.10810810810810811,1
68,4431,0.5,0.04726881719730462,0.25,37,0.16216216216216217,1
69,4467,0.5,0.06199791762923653,0.25,36,0.16666666666666666,1
70,4503,0.5,0.06058887568755358,0.25,36,0.1388888888888889,1
71,4538,0.5,0.04231131719858444,0.25,35,0.05714285714285714,1
72,4573,0.5,0.043035342317157166,0.25,35,0.14285714285714285,1
73,4607,0.5,0.03995772332185284,0.25,34,0.20588235294117646,1
74,4641,0.5,0.052607024265437466,0.25,34,0.08823529411764706,1
75,4674,0.5,0.04949714850969891,0.25,33,0.06060606060606061,1
76,4707,0.5,0.048611756418804136,0.25,33,0.12121212121212122,1
77,4739,0.5,0.07031505741240382,0.25,32,0.125,1
78,4771,0.5,0.07129199080695803,0.25,32,0.125,1
79,4802,0.5,0.08509022135535897,0.25,31,0.16129032258064516,1
80,4833,0.5,0.0938762581644608,0.25,31,0.16129032258064516,1
81,4863,0.5,0.10088708831976967,0.25,30,0.13333333333333333,1
82,4893,0.5,0.10787648024296084,0.25,30,0.13333333333333333,1
83,4923,0.5,0.11884978164880611,0.25,30,0.16666666666666666,1
84,4952,0.5,0.07477019021741463,0.25,29,0.034482758620689655,1
85,4981,0.5,0.0659841534083128,0.25,29,0.034482758620689655,1
86,5009,0.5,0.05848012922072345,0.25,28,0.21428571428571427,1
87,5037,0.5,0.04390506354327247,0.25,28,0.07142857142857142,1
88,5064,0.5,0.0507528255506012,0.25,27,0.18518518518518517,1
89,5091,0.5,0.0507528255506012,0.25,27,0.07407407407407407,1
90,5118,0.5,0.060291174670222825,0.25,27,0.1111111111111111,1
91,5144,0.5,0.06347739432169511,0.25,26,0.11538461538461539,1
92,5170,0.5,0.06347739432169511,0.25,26,0.0,1
93,5196,0.5,0.05680984317217737,0.25,26,0.23076923076923078,1
94,5221,0.5,0.04232388100817095,0.25,25,0.04,1
95,5246,0.5,0.048054875646415154,0.25,25,0.12,1
96,5270,0.5,0.03899452470474831,0.25,24,0.125,1
97,5294,0.5,0.03272172162436091,0.25,24,0.041666666666666664,1
98,5318,0.5,0.027128449620006156,0.25,24,0.125,1
99,5341,0.5,0.020491996628810478,0.25,23,0.08695652173913043,1
100,5364,0.5,0.021859682071584084,0.25,23,0.21739130434782608,1
101,5387,0.5,0.0213816838936293,0.25,23,0.08695652173913043,1
102,5409,0.5,0.01754289490969497,0.25,22,0.045454545454545456,1
103,5431,0.5,0.01508577664391493,0.25,22,0.18181818181818182,1
104,5453,0.5,0.029916779524471082,0.25,22,0.22727272727272727,1
105,5474,0.5,0.022869138782983967,0.25,21,0.09523809523809523,1
106,5495,0.5,0.027003966499246995,0.25,21,0.14285714285714285,1
107,5516,0.5,0.03322519009072923,0.25,21,0.09523809523809523,1
108,5537,0.5,0.03205221432679918,0.25,21,0.14285714285714285,1
109,5557,0.5,0.02750436872628372,0.25,20,0.05,1
110,5577,0.5,0.027453329386753027,0.25,20,0.2,1
111,5597,0.5,0.051701123866013596,0.25,20,0.25,1
112,5616,0.5,0.0570439592388096,0.25,19,0.2631578947368421,1
113,5635,0.5,0.06387983210497762,0.25,19,0.10526315789473684,1
114,5654,0.5,0.06260709649921631,0.25,19,0.15789473684210525,1
115,5673,0.5,0.07310951089809847,0.25,19,0.15789473684210525,1
116,5691,0.5,0.044726888702574866,0.25,18,0.05555555555555555,1
117,5709,0.5,0.033162829738296616,0.25,18,0.05555555555555555,1
118,5727,0.5,0.021578014351232164,0.25,18,0.05555555555555555,1
119,5745,0.5,0.05422219538472619,0.25,18,0.05555555555555555,1
120,5762,0.5,0.044784722294061184,0.25,17,0.11764705882352941,1
121,5779,0.5,0.044784722294061184,0.25,17,0.11764705882352941,1
122,5796,0.5,0.044784722294061184,0.25,17,0.0,1
123,5813,0.5,0.04743259859697759,0.25,17,0.17647058823529413,1
124,5829,0.5,0.04743259859697759,0.25,16,0.1875,1
125,5845,0.5,0.04743259859697759,0.25,16,0.0,1
126,5861,0.5,0.0404633164651715,0.25,16,0.0625,1
127,5877,0.5,0.05322136419522142,0.25,16,0.25,1
128,5892,0.5,0.05724577691537687,0.25,15,0.26666666666666666,1
129,5907,0.5,0.07606267515229397,0.25,15,0.26666666666666666,1
130,5922,0.5,0.09488196543202512,0.25,15,0.13333333333333333,1
131,5937,0.5,0.058756739120877165,0.25,15,0.06666666666666667,1
132,5952,0.5,0.04493375008261009,0.25,15,0.06666666666666667,1
133,5966,0.5,0.04493375008261009,0.25,14,0.0,1
134,5980,0.5,0.04090933736245465,0.25,14,0.07142857142857142,1
135,5994,0.5,0.01944456282262113,0.25,14,0.07142857142857142,1
136,6008,0.5,0.03265856022020629,0.25,14,0.14285714285714285,1
137,6021,0.5,0.04110221609800581,0.25,13,0.15384615384615385,1
138,6034,0.5,0.07366782394611301,0.25,13,0.07692307692307693,1
139,6047,0.5,0.07860550031183926,0.25,13,0.15384615384615385,1
140,6060,0.5,0.07890700204984458,0.25,13,0.23076923076923078,1
141,6073,0.5,0.1200158031790541,0.25,13,0.15384615384615385,1
142,6086,0.5,0.13538275019132795,0.25,13,0.23076923076923078,1
143,6098,0.5,0.13614121451411182,0.25,12,0.16666666666666666,1
144,6110,0.5,0.19079867235717113,0.25,12,0.08333333333333333,1
145,6122,0.5,0.1904971706191658,0.25,12,0.16666666666666666,1
146,6134,0.5,0.1904971706191658,0.25,12,0.0,1
147,6146,0.5,0.1904971706191658,0.25,12,0.0,1
148,6158,0.5,0.1904971706191658,0.25,12,0.0,1
149,6169,0.5,0.1904971706191658,0.25,11,0.0,1
150,6180,0.5,0.1904971706191658,0.25,11,0.0,1
151,6191,0.5,0.1904971706191658,0.25,11,0.0,1
152,6202,0.5,0.31735508181264,0.25,11,0.09090909090909091,1
153,6213,0.5,0.3245620835271333,0.25,11,0.09090909090909091,1
154,6224,0.5,0.3245620835271333,0.25,11,0.0,1
155,6234,0.5,0.31992397014989427,0.25,10,0.1,1
156,6244,0.5,0.33204206932554065,0.25,10,0.1,1
157,6254,0.5,0.33204206932554065,0.25,10,0.1,1
158,6264,0.5,0.33204206932554065,0.25,10,0.1,1
159,6274,0.5,0.300433969346551,0.25,10,0.1,1
160,6284,0.5,0.300433969346551,0.25,10,0.0,1
161,6294,0.5,0.30039555003169627,0.25,10,0.3,1
162,6303,0.5,0.30039555003169627,0.25,9,0.0,1
163,6312,0.5,0.22868231664726438,0.25,9,0.1111111111111111,1
164,6321,0.5,0.22868231664726438,0.25,9,0.1111111111111111,1
165,6330,0.5,0.22868231664726438,0.25,9,0.0,1
166,6339,0.5,0.22868231664726438,0.25,9,0.0,1
167,6348,0.5,0.22868231664726438,0.25,9,0.0,1
168,6357,0.5,0.22868231664726438,0.25,9,0.0,1
169,6365,0.5,0.22868231664726438,0.25,8,0.0,1
170,6373,0.5,0.22868231664726438,0.25,8,0.0,1
171,6381,0.5,0.22868231664726438,0.25,8,0.0,1
172,6389,0.5,0.22868231664726438,0.25,8,0.0,1
173,6397,0.5,0.22868231664726438,0.25,8,0.0,1
174,6405,0.5,0.22868231664726438,0.25,8,0.0,1
175,6413,0.5,0.22868231664726438,0.25,8,0.0,1
176,6421,0.5,0.22868231664726438,0.25,8,0.0,1
177,6429,0.5,0.22868231664726438,0.25,8,0.0,1
178,6436,0.5,0.22868231664726438,0.25,7,0.0,1
179,6443,0.5,0.22868231664726438,0.25,7,0.0,1
180,6450,0.5,0.22868231664726438,0.25,7,0.0,1
181,6457,0.5,0.22868231664726438,0.25,7,0.0,1
182,6464,0.5,0.22868231664726438,0.25,7,0.0,1
183,6471,0.5,0.22868231664726438,0.25,7,0.0,1
184,6478,0.5,0.22868231664726438,0.25,7,0.0,1
185,6485,0.5,0.22868231664726438,0.25,7,0.0,1
186,6492,0.5,0.22868231664726438,0.25,7,0.0,1
187,6499,0.5,0.22868231664726438,0.25,7,0.0,1
188,6505,0.5,0.22868231664726438,0.25,6,0.0,1
189,6511,0.5,0.22868231664726438,0.25,6,0.0,1
190,6517,0.5,0.22868231664726438,0.25,6,0.0,1
191,6523,0.5,0.22868231664726438,0.25,6,0.0,1
192,6529,0.5,0.22868231664726438,0.25,6,0.0,1
193,6535,0.5,0.22868231664726438,0.25,6,0.0,1
194,6541,0.5,0.22868231664726438,0.25,6,0.0,1
195,6547,0.5,0.22868231664726438,0.25,6,0.0,1
196,6553,0.5,0.22868231664726438,0.25,6,0.0,1
197,6559,0.5,0.22868231664726438,0.25,6,0.0,1
198,6565,0.5,0.22868231664726438,0.25,6,0.0,1
199,6570,0.5,0.22868231664726438,0.25,5,0.0,1
200,6575,0.5,0.22868231664726438,0.25,5,0.0,1
201,6580,0.5,0.22868231664726438,0.25,5,0.0,1
202,6585,0.5,0.22868231664726438,0.25,5,0.0,1
203,6590,0.5,0.22868231664726438,0.25,5,0.0,1
204,6595,0.5,0.22868231664726438,0.25,5,0.0,1
205,6600,0.5,0.22868231664726438,0.25,5,0.0,1
206,6605,0.5,0.22868231664726438,0.25,5,0.0,1
207,6610,0.5,0.22868231664726438,0.25,5,0.0,1
208,6615,0.5,0.22868231664726438,0.25,5,0.0,1
209,6620,0.5,0.22868231664726438,0.25,5,0.0,1
210,6625,0.5,0.22868231664726438,0.25,5,0.0,1
211,6630,0.5,0.028682316647264346,0.25,5,0.2,1
212,6635,0.5,0.028682316647264346,0.25,5,0.0,1
0,200,0.5,0.5131936431157273,0.11,100,0.6,2
1,294,0.5,0.5113348157350643,0.11,94,0.5212765957446809,2
2,386,0.5,0.5140359290165494,0.11,92,0.391304347826087,2
3,475,0.5,0.5193481870128938,0.11,89,0.4606741573033708,2
4,561,0.5,0.5088225586589188,0.08800000000000001,86,0.45348837209302323,2
5,645,0.5,0.5100726478803818,0.0704,84,0.27380952380952384,2
6,726,0.5,0.507280004975925,0.05632000000000001,81,0.345679012345679,2
7,805,0.5,0.5116013902381358,0.05,79,0.25316455696202533,2
8,882,0.5,0.5078576846538074,0.05,77,0.2727272727272727,2
9,957,0.5,0.5108503469393524,0.05,75,0.14666666666666667,2
10,1029,0.5,0.4904465036950927,0.05,72,0.16666666666666666,2
11,1099,0.5,0.4933245976673004,0.05,70,0.14285714285714285,2
12,1167,0.5,0.4929057849608827,0.05,68,0.22058823529411764,2
13,1233,0.5,0.5071938971006695,0.05,66,0.15151515151515152,2
14,1297,0.5,0.46288134767476674,0.05,64,0.125,2
15,1360,0.5,0.45520688209181354,0.05,63,0.12698412698412698,2
16,1421,0.5,0.4523923356891511,0.05,61,0.13114754098360656,2
17,1480,0.5,0.43918187682618176,0.07500000000000001,59,0.15254237288135594,2
18,1537,0.5,0.4355176194734315,0.11250000000000002,57,0.10526315789473684,2
19,1593,0.5,0.4254718800106449,0.16875,56,0.23214285714285715,2
20,1647,0.5,0.41037919031298103,0.25,54,0.09259259259259259,2
21,1700,0.5,0.3979964177340205,0.25,53,0.1509433962264151,2
22,1751,0.5,0.37548791363796113,0.25,51,0.09803921568627451,2
23,1801,0.5,0.36877121023265735,0.25,50,0.1,2
24,1849,0.5,0.3659779262461207,0.25,48,0.1875,2
25,1896,0.5,0.31190631390302787,0.25,47,0.14893617021276595,2
26,1941,0.5,0.30735053957942765,0.25,45,0.08888888888888889,2
27,1985,0.5,0.3027903702156111,0.25,44,0.09090909090909091,2
28,2028,0.5,0.2849234010186626,0.25,43,0.09302325581395349,2
29,2070,0.5,0.27119816143542474,0.25,42,0.16666666666666666,2
30,2110,0.5,0.26172814670291,0.25,40,0.3,2
31,2149,0.5,0.2523355459546722,0.25,39,0.05128205128205128,2
32,2187,0.5,0.24903039669198274,0.25,38,0.13157894736842105,2
33,2224,0.5,0.2322548088832658,0.25,37,0.10810810810810811,2
34,2260,0.5,0.2522978947790381,0.25,36,0.1111111111111111,2
35,2295,0.5,0.2816323221776895,0.25,35,0.22857142857142856,2
36,2329,0.5,0.2736671792520063,0.25,34,0.17647058823529413,2
37,2362,0.5,0.27170983805206383,0.25,33,0.030303030303030304,2
38,2394,0.5,0.25657262006855525,0.25,32,0.0625,2
39,2425,0.5,0.22368461231632691,0.25,31,0.0967741935483871,2
40,2455,0.5,0.23324366020064527,0.25,30,0.1,2
41,2484,0.5,0.23834969767881325,0.25,29,0.034482758620689655,2
42,2512,0.5,0.20736564822966153,0.25,28,0.10714285714285714,2
43,2540,0.5,0.20338570669574513,0.25,28,0.03571428571428571,2
44,2567,0.5,0.199026989595592,0.25,27,0.25925925925925924,2
45,2593,0.5,0.2106802172864602,0.25,26,0.15384615384615385,2
46,2618,0.5,0.21234411688366833,0.25,25,0.08,2
47,2643,0.5,0.1967446758591955,0.25,25,0.2,2
48,2667,0.5,0.18121470215441163,0.25,24,0.08333333333333333,2
49,2690,0.5,0.17959640725550916,0.25,23,0.17391304347826086,2
50,2713,0.5,0.18357448420398098,0.25,23,0.13043478260869565,2
51,2735,0.5,0.21772528743293057,0.25,22,0.045454545454545456,2
52,2756,0.5,0.20838331053062062,0.25,21,0.19047619047619047,2
53,2777,0.5,0.2094462835780555,0.25,21,0.09523809523809523,2
54,2797,0.5,0.22655508534043686,0.25,20,0.2,2
55,2816,0.5,0.22655508534043686,0.25,19,0.0,2
56,2835,0.5,0.22655508534043686,0.25,19,0.0,2
57,2853,0.5,0.19404278284404491,0.25,18,0.1111111111111111,2
58,2871,0.5,0.12271398236586743,0.25,18,0.05555555555555555,2
59,2888,0.5,0.134409973766896,0.25,17,0.17647058823529413,2
60,2905,0.5,0.134409973766896,0.25,17,0.0,2
61,2921,0.5,0.10645857451240066,0.25,16,0.125,2
62,2937,0.5,0.12501971426999486,0.25,16,0.125,2
63,2952,0.5,0.12501971426999486,0.25,15,0.0,2
64,2967,0.5,0.11174406252023009,0.25,15,0.06666666666666667,2
65,2982,0.5,0.11174406252023009,0.25,15,0.0,2
66,2996,0.5,0.11174406252023009,0.25,14,0.0,2
67,3010,0.5,0.11371294837777682,0.25,14,0.21428571428571427,2
68,3023,0.5,0.09833010153448714,0.25,13,0.3076923076923077,2
69,3036,0.5,0.10155318676546374,0.25,13,0.07692307692307693,2
70,3049,0.5,0.10155318676546374,0.25,13,0.0,2
71,3061,0.5,0.10155318676546374,0.25,12,0.0,2
72,3073,0.5,0.10155318676546374,0.25,12,0.0,2
73,3084,0.5,0.10148689730047396,0.25,11,0.09090909090909091,2
74,3095,0.5,0.10148689730047396,0.25,11,0.0,2
75,3106,0.5,0.14106745536688575,0.25,11,0.09090909090909091,2
76,3117,0.5,0.14106745536688575,0.25,11,0.0,2
77,3127,0.5,0.10839084297524701,0.25,10,0.1,2
78,3137,0.5,0.1176453890429725,0.25,10,0.3,2
79,3147,0.5,0.10512471645318174,0.25,10,0.1,2
80,3156,0.5,0.10512471645318174,0.25,9,0.0,2
81,3165,0.5,0.08806134240943593,0.25,9,0.2222222222222222,2
82,3174,0.5,0.077800900521896,0.25,9,0.1111111111111111,2
83,3183,0.5,0.077800900521896,0.25,9,0.1111111111111111,2
84,3191,0.5,0.077800900521896,0.25,8,0.0,2
85,3199,0.5,0.077800900521896,0.25,8,0.0,2
86,3207,0.5,0.06709661422056534,0.25,8,0.25,2
87,3215,0.5,0.06709661422056534,0.25,8,0.0,2
88,3222,0.5,0.06709661422056534,0.25,7,0.0,2
89,3229,0.5,0.06709661422056534,0.25,7,0.0,2
90,3236,0.5,0.07519318166281248,0.25,7,0.14285714285714285,2
91,3243,0.5,0.053884616033978185,0.25,7,0.14285714285714285,2
92,3250,0.5,0.053884616033978185,0.25,7,0.0,2
93,3256,0.5,0.042728108529979804,0.25,6,0.16666666666666666,2
94,3262,0.5,0.04609343529383438,0.25,6,0.3333333333333333,2
95,3268,0.5,0.04609343529383438,0.25,6,0.16666666666666666,2
96,3274,0.5,0.04609343529383438,0.25,6,0.0,2
97,3280,0.5,0.04609343529383438,0.25,6,0.0,2
98,3286,0.5,0.038040178589179977,0.25,6,0.16666666666666666,2
99,3291,0.5,0.038040178589179977,0.25,5,0.0,2
100,3296,0.5,0.038040178589179977,0.25,5,0.0,2
101,3301,0.5,0.038040178589179977,0.25,5,0.0,2
102,3306,0.5,0.038040178589179977,0.25,5,0.0,2
103,3311,0.5,0.038040178589179977,0.25,5,0.0,2
104,3316,0.5,0.04243782331300741,0.25,5,0.2,2
0,200,0.5,0.5070847491167753,0.11,100,0.55,3
1,294,0.5,0.514777293944341,0.11,94,0.5106382978723404,3
2,386,0.5,0.5390746369945815,0.11,92,0.41304347826086957,3
3,475,0.5,0.5366787249624932,0.11,89,0.33707865168539325,3
4,561,0.5,0.5326053078173356,0.08800000000000001,86,0.3953488372093023,3
5,645,0.5,0.5318533352171135,0.0704,84,0.35714285714285715,3
6,726,0.5,0.524871361791164,0.05632000000000001,81,0.2716049382716049,3
7,805,0.5,0.5177995970418083,0.05,79,0.26582278481012656,3
8,882,0.5,0.5185203558281294,0.05,77,0.14285714285714285,3
9,957,0.5,0.5370488255698634,0.05,75,0.25333333333333335,3
10,1029,0.5,0.5429551231191262,0.05,72,0.3055555555555556,3
11,1099,0.5,0.5265474956888799,0.05,70,0.17142857142857143,3
12,1167,0.5,0.5078833614009278,0.05,68,0.07352941176470588,3
13,1233,0.5,0.4816737720446362,0.05,66,0.19696969696969696,3
14,1297,0.5,0.5069277928396149,0.05,64,0.125,3
15,1360,0.5,0.5088619266646119,0.07500000000000001,63,0.15873015873015872,3
16,1421,0.5,0.5012607245860841,0.11250000000000002,61,0.14754098360655737,3
17,1480,0.5,0.49426799020413376,0.11250000000000002,59,0.15254237288135594,3
18,1537,0.5,0.47325916405389884,0.11250000000000002,57,0.19298245614035087,3
19,1593,0.5,0.464906459293411,0.16875,56,0.07142857142857142,3
20,1647,0.5,0.43588050339443357,0.25,54,0.09259259259259259,3
21,1700,0.5,0.4094190308455013,0.25,53,0.18867924528301888,3
22,1751,0.5,0.385587875765437,0.25,51,0.0784313725490196,3
23,1801,0.5,0.3938832120264897,0.25,50,0.16,3
24,1849,0.5,0.3208192168258646,0.25,48,0.041666666666666664,3
25,1896,0.5,0.3062462111580626,0.25,47,0.14893617021276595,3
26,1941,0.5,0.3178521649471268,0.25,45,0.2222222222222222,3
27,1985,0.5,0.29210398022183004,0.25,44,0.06818181818181818,3
28,2028,0.5,0.308266184521736,0.25,43,0.06976744186046512,3
29,2070,0.5,0.28781803063928824,0.25,42,0.14285714285714285,3
30,2110,0.5,0.2560460225860251,0.25,40,0.075,3
31,2149,0.5,0.23646432310931287,0.25,39,0.07692307692307693,3
32,2187,0.5,0.22882907073130623,0.25,38,0.13157894736842105,3
33,2224,0.5,0.21420325285843153,0.25,37,0.08108108108108109,3
34,2260,0.5,0.1841506583547347,0.25,36,0.16666666666666666,3
35,2295,0.5,0.18980410611186938,0.25,35,0.17142857142857143,3
36,2329,0.5,0.1823472323169697,0.25,34,0.11764705882352941,3
37,2362,0.5,0.18174593409209505,0.25,33,0.09090909090909091,3
38,2394,0.5,0.12080778015630507,0.25,32,0.0625,3
39,2425,0.5,0.13704421423926713,0.25,31,0.1935483870967742,3
40,2455,0.5,0.10565572098547464,0.25,30,0.06666666666666667,3
41,2484,0.5,0.07639165774792618,0.25,29,0.10344827586206896,3
42,2512,0.5,0.05892817228839233,0.25,28,0.21428571428571427,3
43,2540,0.5,0.05892817228839233,0.25,28,0.21428571428571427,3
44,2567,0.5,0.06628761226494304,0.25,27,0.14814814814814814,3
45,2593,0.5,0.05487446290938043,0.25,26,0.19230769230769232,3
46,2618,0.5,0.05059319835806899,0.25,25,0.12,3
47,2643,0.5,0.04756618501382323,0.25,25,0.16,3
48,2667,0.5,0.06320619734474864,0.25,24,0.16666666666666666,3
49,2690,0.5,0.06320619734474864,0.25,23,0.0,3
50,2713,0.5,0.08402529407472607,0.25,23,0.13043478260869565,3
51,2735,0.5,0.09450642652232626,0.25,22,0.18181818181818182,3
52,2756,0.5,0.10264924379860543,0.25,21,0.38095238095238093,3
53,2777,0.5,0.0966050248550691,0.25,21,0.09523809523809523,3
54,2797,0.5,0.0809650125241437,0.25,20,0.1,3
55,2816,0.5,0.0809650125241437,0.25,19,0.0,3
56,2835,0.5,0.08684113334037283,0.25,19,0.15789473684210525,3
57,2853,0.5,0.08684113334037283,0.25,18,0.0,3
58,2871,0.5,0.07638550544235662,0.25,18,0.16666666666666666,3
59,2888,0.5,0.080939493292571,0.25,17,0.17647058823529413,3
60,2905,0.5,0.0751305481381336,0.25,17,0.29411764705882354,3
61,2921,0.5,0.09853790717028683,0.25,16,0.125,3
62,2937,0.5,0.07463186681291457,0.25,16,0.125,3
63,2952,0.5,0.07295231884478068,0.25,15,0.2,3
64,2967,0.5,0.07295231884478068,0.25,15,0.0,3
65,2982,0.5,0.12697308438738913,0.25,15,0.13333333333333333,3
66,2996,0.5,0.13092419260215574,0.25,14,0.14285714285714285,3
67,3010,0.5,0.10751683357000248,0.25,14,0.07142857142857142,3
68,3023,0.5,0.10751683357000248,0.25,13,0.0,3
69,3036,0.5,0.10071022358139121,0.25,13,0.07692307692307693,3
70,3049,0.5,0.10071022358139121,0.25,13,0.07692307692307693,3
71,3061,0.5,0.10071022358139121,0.25,12,0.0,3
72,3073,0.5,0.10071022358139121,0.25,12,0.0,3
73,3085,0.5,0.10071022358139121,0.25,12,0.0,3
74,3096,0.5,0.10071022358139121,0.25,11,0.0,3
75,3107,0.5,0.10071022358139121,0.25,11,0.0,3
76,3118,0.5,0.0975823803747127,0.25,11,0.09090909090909091,3
77,3128,0.5,0.10084161707833186,0.25,10,0.3,3
78,3138,0.5,0.1405554068233732,0.25,10,0.1,3
79,3148,0.5,0.1265331656878436,0.25,10,0.1,3
80,3157,0.5,0.1566900014559017,0.25,9,0.2222222222222222,3
81,3166,0.5,0.10049275451352932,0.25,9,0.2222222222222222,3
82,3175,0.5,0.09359593998096538,0.25,9,0.2222222222222222,3
83,3184,0.5,0.07154712542914744,0.25,9,0.1111111111111111,3
84,3192,0.5,0.05819930026064356,0.25,8,0.125,3
85,3200,0.5,0.05819930026064356,0.25,8,0.0,3
86,3208,0.5,0.05819930026064356,0.25,8,0.0,3
87,3216,0.5,0.05819930026064356,0.25,8,0.0,3
88,3223,0.5,0.05819930026064356,0.25,7,0.0,3
89,3230,0.5,0.028042464492585427,0.25,7,0.14285714285714285,3
90,3237,0.5,0.0446590396048944,0.25,7,0.2857142857142857,3
91,3244,0.5,0.0446590396048944,0.25,7,0.0,3
92,3251,0.5,0.0446590396048944,0.25,7,0.0,3
93,3257,0.5,0.0446590396048944,0.25,6,0.0,3
94,3263,0.5,0.0446590396048944,0.25,6,0.0,3
95,3269,0.5,0.04293635289808591,0.25,6,0.16666666666666666,3
96,3275,0.5,0.025271377704862506,0.25,6,0.16666666666666666,3
97,3281,0.5,0.025271377704862506,0.25,6,0.3333333333333333,3
98,3287,0.5,0.025271377704862506,0.25,6,0.16666666666666666,3
99,3292,0.5,0.025271377704862506,0.25,5,0.0,3
100,3297,0.5,0.025271377704862506,0.25,5,0.0,3
101,3302,0.5,0.024245159495575475,0.25,5,0.4,3
102,3307,0.5,0.024245159495575475,0.25,5,0.0,3
103,3312,0.5,0.024245159495575475,0.25,5,0.0,3
104,3317,0.5,0.025854951792455744,0.25,5,0.4,3
